"","start_station_name","avg_start_lat","avg_start_lng","neighborhood"
"1","2112 W Peterson Ave",41.991178,-87.683593,"West Ridge"
"2","63rd St Beach",41.780910964248,-87.5763237476349,"Jackson Park"
"3","900 W Harrison St",41.8747558586759,-87.6498067755176,"Little Italy, UIC"
"4","Aberdeen St & Jackson Blvd",41.8777299784838,-87.6547837774528,"West Loop"
"5","Aberdeen St & Monroe St",41.8804202333748,-87.655517007039,"West Loop"
"6","Aberdeen St & Randolph St",41.8841137774813,-87.6542614632132,"West Loop"
"7","Ada St & 113th St",41.6875616233574,-87.6554757356644,"Morgan Park"
"8","Ada St & Washington Blvd",41.8828308056842,-87.6611970261765,"West Loop"
"9","Adler Planetarium",41.8660944856538,-87.6072692387648,"Museum Campus"
"10","Albany Ave & 26th St",41.8444845640838,-87.7019061179829,"Little Village"
"11","Albany Ave & Bloomingdale Ave",41.9140267483216,-87.7051264654077,"Logan Square"
"12","Albany Ave & Montrose Ave",41.961041,-87.705866,"Irving Park"
"13","Altgeld Gardens",41.6566655296737,-87.5988006591797,"Riverdale"
"14","Archer (Damen) Ave & 37th St",41.826712,-87.683144,"Mckinley Park"
"15","Artesian Ave & 71st St",41.7643440584286,-87.6844240085,"Chicago Lawn"
"16","Artesian Ave & Hubbard St",41.8895127059606,-87.6882050566258,"West Town"
"17","Artesian Ave & Marquette Rd",41.77203,-87.684637,"Chicago Lawn"
"18","Ashland Ave & 13th St",41.865234,-87.666507,"Little Italy, UIC"
"19","Ashland Ave & 50th St",41.803023,-87.664699,"New City"
"20","Ashland Ave & 63rd St",41.779374,-87.664843,"Englewood"
"21","Ashland Ave & 66th St",41.774074,-87.663815,"Englewood"
"22","Ashland Ave & 74th St",41.7592360242587,-87.6634740829468,"Englewood"
"23","Ashland Ave & 78th St",41.7522048494112,-87.663699388504,"Auburn Gresham"
"24","Ashland Ave & Archer Ave",41.8392086244865,-87.6656098294755,"Lower West Side"
"25","Ashland Ave & Augusta Blvd",41.8996320460227,-87.6676906535507,"East Village"
"26","Ashland Ave & Belle Plaine Ave",41.9560570291079,-87.6688350283223,"Lake View"
"27","Ashland Ave & Blackhawk St",41.9070611186597,-87.6672481251974,"West Town"
"28","Ashland Ave & Chicago Ave",41.8956850609819,-87.6676623637309,"West Town"
"29","Ashland Ave & Division St",41.9034471606775,-87.6677430878948,"Wicker Park"
"30","Ashland Ave & Garfield Blvd",41.792822,-87.664429,"Englewood"
"31","Ashland Ave & Grace St",41.9506861025379,-87.6687002407055,"Lake View"
"32","Ashland Ave & Grand Ave",41.8910730991561,-87.666600491399,"West Town"
"33","Ashland Ave & Lake St",41.8859192743841,-87.6671641961549,"United Center"
"34","Ashland Ave & McDowell Ave",41.80887,-87.66454,"New City"
"35","Ashland Ave & Pershing Rd",41.823465,-87.665577,"Mckinley Park"
"36","Ashland Ave & Wellington Ave",41.9360784883573,-87.6697980967804,"Lake View"
"37","Ashland Ave & Wrightwood Ave",41.9288283490931,-87.6685044418311,"Lincoln Park"
"38","Austin Blvd & Chicago Ave",41.894887,-87.774704,"Austin"
"39","Austin Blvd & Lake St",41.8879490922108,-87.7742768591429,"Austin"
"40","Austin Blvd & Madison St",41.880281,-87.774453,"Austin"
"41","Avenue O & 118th St",41.6810014591104,-87.5379312226869,"Hegewisch"
"42","Avenue O & 134th St",41.6518446596984,-87.5400160125962,"Hegewisch"
"43","Avers Ave & Belmont Ave",41.939408,-87.723574,"Avondale"
"44","Avondale Ave & Irving Park Rd",41.953393,-87.732002,"Irving Park"
"45","Baltimore Ave & 87th St",41.7373356004167,-87.5485146045685,"South Chicago"
"46","Bennett Ave & 79th St",41.751785,-87.578496,"South Shore"
"47","Bernard St & Elston Ave",41.949923,-87.713949,"Irving Park"
"48","Big Marsh Park",41.6858770556233,-87.573823928833,"South Deering"
"49","Bissell St & Armitage Ave ",41.918018,-87.652183,"Lincoln Park"
"50","Blackstone Ave & 59th St",41.7878770199745,-87.5904610434077,"Hyde Park"
"51","Blackstone Ave & Hyde Park Blvd",41.802562,-87.590368,"Kenwood"
"52","Blue Island Ave & 18th St",41.8575608520226,-87.6615325953269,"Lower West Side"
"53","Bosworth Ave & Howard St",42.019537,-87.669563,"Rogers Park"
"54","Bradley Park",41.717878301935,-87.5645917654037,"South Deering"
"55","Broadway & Argyle St",41.9738149787515,-87.6596600657654,"Uptown"
"56","Broadway & Barry Ave",41.9375801595526,-87.6440981871874,"Lake View"
"57","Broadway & Belmont Ave",41.9401010614488,-87.6454531425502,"Boystown"
"58","Broadway & Berwyn Ave",41.9783341022434,-87.6597674215822,"Edgewater"
"59","Broadway & Cornelia Ave",41.9455265506372,-87.6464423740193,"Boystown"
"60","Broadway & Granville Ave",41.9947796884,-87.6602845349,"Edgewater"
"61","Broadway & Ridge Ave",41.9840446343527,-87.6602738399278,"Edgewater"
"62","Broadway & Sheridan Rd",41.9528089422052,-87.6499925349116,"Lake View"
"63","Broadway & Thorndale Ave",41.98974251144,-87.6601406209,"Edgewater"
"64","Broadway & Waveland Ave",41.9490712013569,-87.6486368583717,"Boystown"
"65","Broadway & Wilson Ave",41.9652209955419,-87.658139052356,"Uptown"
"66","Buckingham - Fountain",41.876665,-87.620483,"Grant Park"
"67","Buckingham Fountain (Columbus/Balbo)",41.8731612869,-87.6219455871787,"Grant Park"
"68","Budlong Woods Library",41.983664693084,-87.6964225729177,"West Ridge"
"69","Burling St & Diversey Pkwy",41.9331399968492,-87.6477600028489,"Lake View"
"70","Burnham Greenway & 105th St",41.7045750872071,-87.5282317399979,"East Side"
"71","Burnham Greenway & 112th St",41.6917738511683,-87.5304311513901,"East Side"
"72","Burnham Harbor",41.8573295025926,-87.6137596179789,"Museum Campus"
"73","California Ave & 21st St",41.8537993739622,-87.6957534828448,"Little Village"
"74","California Ave & 23rd Pl",41.84910969176,-87.6951398068,"Little Village"
"75","California Ave & 26th St",41.8436799145765,-87.6949685811996,"Little Village"
"76","California Ave & 71st St",41.764748,-87.693121,"Chicago Lawn"
"77","California Ave & Altgeld St",41.92669,-87.697668,"Logan Square"
"78","California Ave & Byron St",41.95216219326,-87.698051113,"Irving Park"
"79","California Ave & Cortez St",41.9003567312176,-87.6966856758692,"Humboldt Park"
"80","California Ave & Division St",41.9030289996384,-87.6974739895991,"Humboldt Park"
"81","California Ave & Fletcher St",41.9384305280557,-87.6979981088622,"Avondale"
"82","California Ave & Francis Pl ",41.918489036228,-87.6974068532985,"Logan Square"
"83","California Ave & Granville Ave",41.9940278151719,-87.6993020962031,"West Ridge"
"84","California Ave & Lake St",41.88445395657,-87.6962981368,"Garfield Park"
"85","California Ave & Marquette Rd",41.771611,-87.693331,"Chicago Lawn"
"86","California Ave & Milwaukee Ave",41.9226950081364,-87.6971529958146,"Logan Square"
"87","California Ave & Montrose Ave",41.9610471283364,-87.6954270834773,"Irving Park"
"88","California Ave & North Ave",41.9104485412702,-87.6971928051269,"Humboldt Park"
"89","Calumet Ave & 18th St",41.8576409944565,-87.619475895627,"Near South Side"
"90","Calumet Ave & 21st St",41.8541910238784,-87.6191605428465,"Near South Side"
"91","Calumet Ave & 33rd St",41.8349036915724,-87.6179323345613,"Douglas"
"92","Calumet Ave & 35th St",41.8313790169875,-87.6180340148505,"Douglas"
"93","Calumet Ave & 51st St",41.80229465088,-87.6180535802,"Grand Boulevard"
"94","Calumet Ave & 71st St",41.76550800581,-87.616917925,"Grand Crossing"
"95","Calumet Park",41.7137098303562,-87.5308442115784,"East Side"
"96","Campbell Ave & Fullerton Ave",41.924632481027,-87.689307001671,"Logan Square"
"97","Campbell Ave & Montrose Ave ",41.9615251194154,-87.6912279608304,"Lincoln Square"
"98","Campbell Ave & North Ave",41.9105307681798,-87.6895495839204,"Wicker Park"
"99","Canal St & Adams St",41.8792553882557,-87.6399047648934,"West Loop"
"100","Canal St & Harrison St",41.8742600137705,-87.6395643677655,"West Loop"
"101","Canal St & Jackson Blvd",41.8772484551036,-87.6393661439905,"West Loop"
"102","Canal St & Madison St",41.8823059771691,-87.6397853852183,"West Loop"
"103","Canal St & Monroe St",41.881690674303,-87.6395332462229,"West Loop"
"104","Canal St & Taylor St",41.8702604044435,-87.6394690450903,"West Loop"
"105","Cannon Dr & Fullerton Ave",41.926754904635,-87.6344310572356,"Lincoln Park"
"106","Carpenter St & 63rd St",41.77987,-87.650919,"Englewood"
"107","Carpenter St & Huron St",41.8945493515379,-87.6534463322427,"West Town"
"108","Central Ave & Chicago Ave",41.894958,-87.764902,"Austin"
"109","Central Ave & Harrison St",41.872993,-87.764499,"Austin"
"110","Central Ave & Lake St",41.887664,-87.765469,"Austin"
"111","Central Ave & Madison St",41.880121,-87.763238,"Austin"
"112","Central Ave & Roscoe St",41.942275,-87.76695,"Portage Park"
"113","Central Park Ave & 24th St",41.8481,-87.715068,"Little Village"
"114","Central Park Ave & Bloomingdale Ave",41.9141660165292,-87.7167550342906,"Logan Square"
"115","Central Park Ave & Elbridge Ave",41.93533728263,-87.7168892935,"Avondale"
"116","Central Park Ave & North Ave",41.90965687563,-87.7166319516,"Humboldt Park"
"117","Central Park Ave & Ogden Ave",41.8540635038745,-87.7151173353195,"North Lawndale"
"118","Central Park Blvd & 5th Ave",41.875679,-87.71547,"Garfield Park"
"119","Central St & Girard Ave",42.064313,-87.686152,NA
"120","Central St Metra",42.063598,-87.69873,NA
"121","Cherry Ave & Blackhawk St",41.9072209886881,-87.6556180576688,"River North"
"122","Chicago Ave & Sheridan Rd",42.050491,-87.677821,NA
"123","Chicago Ave & Washington St",42.0325620140979,-87.6791010403887,NA
"124","Chicago State University",41.7189634216545,-87.6082956790924,"Roseland"
"125","Christiana Ave & Lawrence Ave",41.96835449363,-87.7118306675,"Albany Park"
"126","Cicero Ave & Flournoy St",41.872131,-87.746619,"Austin"
"127","Cicero Ave & Lake St",41.886841,-87.745261,"Austin"
"128","Cicero Ave & Quincy St",41.877613,-87.745405,"Austin"
"129","Cicero Ave & Roscoe Ave",41.942427,-87.747315,"Portage Park"
"130","Cityfront Plaza Dr & Pioneer Ct",41.8905724748854,-87.6220738492232,"Streeterville"
"131","Claremont Ave & Hirsch St",41.9077809832709,-87.6858540095729,"Wicker Park"
"132","Clarendon Ave & Gordon Ter",41.9578609441602,-87.64950642155,"Uptown"
"133","Clarendon Ave & Junior Ter",41.9609918924245,-87.6496030952276,"Uptown"
"134","Clarendon Ave & Leland Ave",41.9679679811703,-87.6500010404827,"Uptown"
"135","Clark St & 9th St (AMLI)",41.8708160112506,-87.6312459712945,"Loop"
"136","Clark St & Armitage Ave",41.9183038593218,-87.6362842363547,"Old Town"
"137","Clark St & Berwyn Ave",41.9780073958048,-87.6685463402204,"Andersonville"
"138","Clark St & Bryn Mawr Ave",41.9835930032918,-87.669154018034,"Edgewater"
"139","Clark St & Chicago Ave",41.8967497004889,-87.6308929902184,"Rush & Division"
"140","Clark St & Columbia Ave",42.0044506280976,-87.6724024120061,"Rogers Park"
"141","Clark St & Drummond Pl",41.9312435376614,-87.6443368994781,"Lincoln Park"
"142","Clark St & Elm St",41.9029721190632,-87.6312809304462,"Rush & Division"
"143","Clark St & Elmdale Ave",41.9908604481256,-87.6697236299515,"Edgewater"
"144","Clark St & Grace St",41.9507777503889,-87.6591715183072,"Wrigleyville"
"145","Clark St & Ida B Wells Dr",41.8759326655,-87.6305845355,"Loop"
"146","Clark St & Lake St",41.886020418227,-87.6308789982558,"Loop"
"147","Clark St & Leland Ave",41.9670849768368,-87.6673034820175,"Uptown"
"148","Clark St & Lincoln Ave",41.9156893616049,-87.6346022156553,"Old Town"
"149","Clark St & Lunt Ave",42.0090111805808,-87.6741117238998,"Rogers Park"
"150","Clark St & Montrose Ave",41.961576839616,-87.666028307473,"Lake View"
"151","Clark St & Newport St",41.9445373758856,-87.6546790965997,"Lake View"
"152","Clark St & North Ave",41.9119725779105,-87.6319443824066,"Lincoln Park"
"153","Clark St & Randolph St",41.8845759427904,-87.6318955968417,"Loop"
"154","Clark St & Schiller St",41.9079924093489,-87.6315026548497,"Gold Coast"
"155","Clark St & Schreiber Ave",41.9994461392228,-87.6709843625969,"Rogers Park"
"156","Clark St & Touhy Ave",42.01256011541,-87.6743671152,"Rogers Park"
"157","Clark St & Wellington Ave",41.9364919095825,-87.6475405451443,"Lake View"
"158","Clark St & Winnemac Ave",41.9733371371534,-87.667854748869,"Uptown"
"159","Clark St & Wrightwood Ave",41.9295440250537,-87.6431185149544,"Lincoln Park"
"160","Clifton Ave & Armitage Ave",41.9182170977386,-87.6569350168994,"Lincoln Park"
"161","Clinton St & 18th St",41.8579499793874,-87.6408260056123,"Lower West Side"
"162","Clinton St & Lake St",41.8856360051572,-87.6418261296168,"West Loop"
"163","Clinton St & Madison St",41.8825444751215,-87.6411426512189,"West Loop"
"164","Clinton St & Polk St",41.87146651779,-87.6409491327,"West Loop"
"165","Clinton St & Roosevelt Rd",41.8671177825,-87.6410879593,"West Loop"
"166","Clinton St & Tilden St",41.8758850093309,-87.6407949634715,"West Loop"
"167","Clinton St & Washington Blvd",41.8833801429872,-87.6411717596643,"West Loop"
"168","Clybourn Ave & Division St",41.9046084647706,-87.6405537619697,"Old Town"
"169","Clyde Ave & 87th St",41.7371514643106,-87.572740316391,"Avalon Park"
"170","Columbus Dr & Randolph St",41.8847278709271,-87.6195237012057,"Loop"
"171","Commercial Ave & 100th St",41.713317395477,-87.5510975718498,"South Deering"
"172","Commercial Ave & 130th St",41.6591504275977,-87.550762295723,"Hegewisch"
"173","Commercial Ave & 83rd St",41.744615,-87.551208,"South Chicago"
"174","Constance Ave & 95th St",41.7222907409526,-87.5789684057236,"South Deering"
"175","Cornell Ave & Hyde Park Blvd",41.8024060017802,-87.5869240006613,"Hyde Park"
"176","Cottage Grove Ave & 111th Pl",41.6917097584701,-87.6100015640259,"Pullman"
"177","Cottage Grove Ave & 111th St",42.048214,-87.683485,NA
"178","Cottage Grove Ave & 43rd St",41.816499,-87.606582,"Kenwood"
"179","Cottage Grove Ave & 47th St",41.809855,-87.606755,"Grand Boulevard"
"180","Cottage Grove Ave & 51st St",41.803038,-87.606615,"Grand Boulevard"
"181","Cottage Grove Ave & 63rd St",41.780545190125,-87.6059429748082,"Woodlawn"
"182","Cottage Grove Ave & 67th St",41.77372095205,-87.60563486,"Woodlawn"
"183","Cottage Grove Ave & 71st St",41.76571903697,-87.604959713,"Grand Crossing"
"184","Cottage Grove Ave & 83rd St",41.743441,-87.604836,"Chatham"
"185","Cottage Grove Ave & Oakwood Blvd",41.822985,-87.6071,"Grand Boulevard"
"186","Daley Center Plaza",41.8842405890955,-87.6296451371502,"Loop"
"187","Damen Ave & 51st St",41.800908,-87.674684,"New City"
"188","Damen Ave & 74th St",41.7592740393312,-87.6736342906952,"Englewood"
"189","Damen Ave & 81st St",41.746534,-87.673055,"Auburn Gresham"
"190","Damen Ave & 87th St",41.736044,-87.672861,"Auburn Gresham"
"191","Damen Ave & Charleston St",41.920075937665,-87.677850546205,"Bucktown"
"192","Damen Ave & Chicago Ave",41.8957688953881,-87.6772199385011,"West Town"
"193","Damen Ave & Clybourn Ave",41.931931,-87.677856,"Lincoln Park"
"194","Damen Ave & Cortland St",41.9159793278208,-87.6773177541958,"Bucktown"
"195","Damen Ave & Coulter St",41.8492,-87.67564,"Lower West Side"
"196","Damen Ave & Cullerton St",41.8549665187539,-87.6756995916366,"Lower West Side"
"197","Damen Ave & Division St",41.9032677965393,-87.6784318730605,"Wicker Park"
"198","Damen Ave & Foster Ave",41.97561480459,-87.6794590387,"Lincoln Square"
"199","Damen Ave & Grand Ave",41.892330000728,-87.676882728357,"West Town"
"200","Damen Ave & Leland Ave",41.967090223359,-87.6790266810956,"Lincoln Square"
"201","Damen Ave & Madison St",41.8813700919798,-87.6749300363375,"United Center"
"202","Damen Ave & Melrose Ave",41.9406006854178,-87.6784980864429,"North Center"
"203","Damen Ave & Pershing Rd",41.823192,-87.676597,"Mckinley Park"
"204","Damen Ave & Pierce Ave",41.9093950386853,-87.6776862474978,"Wicker Park"
"205","Damen Ave & Sunnyside Ave",41.96325,-87.679258,"Lincoln Square"
"206","Damen Ave & Thomas St (Augusta Blvd)",41.9013130783636,-87.6774058576386,"Ukrainian Village"
"207","Damen Ave & Walnut (Lake) St",41.8859509965946,-87.6770089985849,"United Center"
"208","Damen Ave & Wellington Ave",41.9358800093322,-87.6784200168313,"North Center"
"209","Damen Ave/Coulter St",41.8492,-87.67564,"Lower West Side"
"210","Dauphin Ave & 103rd St",41.7072503677818,-87.6076626777649,"Roseland"
"211","Dauphin Ave & 87th St",41.7365546569203,-87.6012572553093,"Chatham"
"212","Dayton St & North Ave",41.9105770607995,-87.6494236182967,"River North"
"213","Dearborn Pkwy & Delaware Pl",41.898966598171,-87.6299206550881,"Rush & Division"
"214","Dearborn St & Adams St",41.8793562462882,-87.6297910495568,"Loop"
"215","Dearborn St & Erie St",41.8939914374611,-87.629326562176,"River North"
"216","Dearborn St & Monroe St",41.8813230518384,-87.6295221900613,"Loop"
"217","Delano Ct & Roosevelt Rd",41.8674914527638,-87.632192463642,"Loop"
"218","Desplaines St & Jackson Blvd",41.878125474669,-87.6439535535734,"West Loop"
"219","Desplaines St & Kinzie St",41.8887145305323,-87.6444490459138,"West Town"
"220","Desplaines St & Randolph St",41.8844184669386,-87.6445011286835,"West Loop"
"221","Dodge Ave & Main St",42.0346318516159,-87.6991876959801,NA
"222","Dodge Ave & Mulford St",42.023463,-87.699595,NA
"223","Dorchester Ave & 49th St",41.805772,-87.592464,"Kenwood"
"224","Dorchester Ave & 63rd St",41.7804056457,-87.5914159893,"Woodlawn"
"225","Doty Ave & 111th St",41.6950104493814,-87.5987148284912,"Pullman"
"226","Drake Ave & Addison St",41.947326,-87.717582,"Irving Park"
"227","Drake Ave & Montrose Ave",41.961154060961,-87.7165691298631,"Albany Park"
"228","Drexel Ave & 60th St",41.7858609297262,-87.6045531229877,"Woodlawn"
"229","DuSable Lake Shore Dr & Belmont Ave",41.9407753217609,-87.6391959368591,"Lake View"
"230","DuSable Lake Shore Dr & Diversey Pkwy",41.9325856532176,-87.6364280464017,"Lincoln Park"
"231","DuSable Lake Shore Dr & Monroe St",41.8809565628497,-87.6167431553475,"Loop"
"232","DuSable Lake Shore Dr & North Blvd",41.9117196916041,-87.6268058014075,"Lincoln Park"
"233","DuSable Lake Shore Dr & Wellington Ave",41.9366855274773,-87.6368303103077,"Lake View"
"234","DuSable Museum",41.79156801058,-87.6078521774,"Washington Park"
"235","Dusable Harbor",41.8869758538185,-87.6128145394208,"Loop"
"236","East End Ave & 87th St",41.7368152144067,-87.5828012824059,"Calumet Heights"
"237","Eastlake Ter & Rogers Ave",42.0200105746888,-87.6646650273256,"Rogers Park"
"238","Eberhart Ave & 131st St",41.6584131511011,-87.6107108969882,"Riverdale"
"239","Eberhart Ave & 61st St",41.7840763745935,-87.614395269157,"Woodlawn"
"240","Eberhart Ave & 91st St",41.7292851572549,-87.6110315322876,"Chatham"
"241","Eckhart Park",41.896364815,-87.6609769002497,"West Town"
"242","Eggleston Ave & 92nd St",41.7275756592996,-87.6348280906677,"Washington Heights"
"243","Elizabeth St & 92nd St",41.7267989637012,-87.6542901992798,"Washington Heights"
"244","Elizabeth St & Fulton St",41.8866765174724,-87.6589779525713,"West Loop"
"245","Elizabeth St & Randolph St",41.8838244308707,-87.6590316901135,"West Loop"
"246","Ellis Ave & 53rd St",41.7993362746536,-87.6009581248978,"Hyde Park"
"247","Ellis Ave & 55th St",41.7943040595064,-87.6014498281305,"Hyde Park"
"248","Ellis Ave & 58th St",41.7887459858481,-87.6013339592988,"Hyde Park"
"249","Ellis Ave & 60th St",41.7850971506858,-87.6010727708144,"Woodlawn"
"250","Ellis Ave & 83rd St",41.7441228064111,-87.5990344392111,"Chatham"
"251","Elmwood Ave & Austin St",42.0257840280591,-87.6841070416614,NA
"252","Elston Ave & Cortland St",41.9164298817775,-87.666744435836,"Bucktown"
"253","Elston Ave & Wabansia Ave",41.9129017124161,-87.6641598334646,"West Town"
"254","Emerald Ave & 28th St",41.8435800037673,-87.6453680349556,"Bridgeport"
"255","Emerald Ave & 31st St",41.8382123306591,-87.6451464550481,"Bridgeport"
"256","Ewing Ave & 112th St",42.048308,-87.698224,NA
"257","Ewing Ave & Burnham Greenway",41.712748761095,-87.5348138809204,"East Side"
"258","Ewing Ave & Indianapolis Ave",41.8783193069564,-87.6409850907653,"West Loop"
"259","Exchange Ave & 79th St",41.7517389315589,-87.5527929429658,"South Chicago"
"260","Fairbanks Ct & Grand Ave",41.8918465965757,-87.6205828073261,"Streeterville"
"261","Fairbanks St & Superior St",41.8957480577271,-87.6201040426288,"Streeterville"
"262","Fairfield Ave & Roosevelt Rd",41.866624,-87.694521,"North Lawndale"
"263","Federal St & Polk St",41.8720807592888,-87.6295489812423,"Printers Row"
"264","Field Blvd & South Water St",41.8863485234109,-87.6175220630118,"Loop"
"265","Field Museum",41.8653182213854,-87.6178726869498,"Museum Campus"
"266","Financial Pl & Ida B Wells Dr",41.8750266684361,-87.6330996136548,"Loop"
"267","Fort Dearborn Dr & 31st St",41.8385840722056,-87.6083612716317,"Douglas"
"268","Francisco Ave & Foster Ave",41.97563272521,-87.7014194389,"Lincoln Square"
"269","Franklin St & Adams St ",41.8794362941649,-87.6355034415977,"Loop"
"270","Franklin St & Chicago Ave",41.8967439993444,-87.6356705985525,"River North"
"271","Franklin St & Illinois St",41.8910211415873,-87.6354841347881,"River North"
"272","Franklin St & Jackson Blvd",41.8777105619639,-87.6353305123905,"Loop"
"273","Franklin St & Lake St",41.8858362916733,-87.635504142051,"Loop"
"274","Franklin St & Monroe St",41.880318071273,-87.6351889719549,"Loop"
"275","Glenwood Ave & Morse Ave",42.00797192287,-87.6655023944,"Rogers Park"
"276","Glenwood Ave & Touhy Ave",42.0127010206138,-87.6660579858164,"Rogers Park"
"277","Green St & Madison Ave",41.8818273765714,-87.6488319039345,"West Loop"
"278","Green St & Madison St",41.8818768801099,-87.6490230981506,"West Loop"
"279","Green St & Washington Blvd",41.8833970495024,-87.6486749869419,"West Loop"
"280","Greenview Ave & Diversey Pkwy",41.9325896474803,-87.665936350442,"Lake View"
"281","Greenview Ave & Fullerton Ave",41.9253262435956,-87.6657976239517,"Lincoln Park"
"282","Greenwood Ave & 47th St",41.809835,-87.599383,"Kenwood"
"283","Greenwood Ave & 91st St",41.7282642681627,-87.5972986221313,"Burnside"
"284","Greenwood Ave & 97th St",41.7187031547574,-87.5970357656479,"Pullman"
"285","Hale Ave & 107th St",41.6992061681277,-87.668918967247,"Morgan Park"
"286","Halsted & 63rd - Kennedy-King Vaccination Site",41.77938114228,-87.6446208145,"Englewood"
"287","Halsted St & 104th St",41.7051397889324,-87.6424241065979,"Roseland"
"288","Halsted St & 111th St",41.6922625558917,-87.6426118612289,"Morgan Park"
"289","Halsted St & 18th St",41.8575181853071,-87.6459927157399,"Lower West Side"
"290","Halsted St & 21st St",41.8537798107274,-87.6466029882431,"Lower West Side"
"291","Halsted St & 35th St",41.8306610164055,-87.6471719821799,"Bridgeport"
"292","Halsted St & 37th St",41.827059,-87.64572,"Bridgeport"
"293","Halsted St & 47th Pl",41.80813391481,-87.6456165545,"New City"
"294","Halsted St & 51st St",41.80183164049,-87.645213904,"New City"
"295","Halsted St & 56th St",41.79292964599,-87.6449900565,"Englewood"
"296","Halsted St & 63rd St",41.77938114228,-87.6446208145,"Englewood"
"297","Halsted St & 69th St",41.76906172032,-87.6446135779,"Englewood"
"298","Halsted St & 73rd St",41.7616054380439,-87.6441609766607,"Englewood"
"299","Halsted St & 78th St",41.7524865452925,-87.643900533112,"Auburn Gresham"
"300","Halsted St & 96th St",41.7197121836188,-87.6430195569992,"Washington Heights"
"301","Halsted St & Archer Ave",41.847203,-87.646795,"Bridgeport"
"302","Halsted St & Clybourn Ave",41.9096612647186,-87.6481288510024,"River North"
"303","Halsted St & Dickens Ave",41.919935917404,-87.648830199941,"Lincoln Park"
"304","Halsted St & Fulton St",41.8872391438473,-87.6483168286976,"West Loop"
"305","Halsted St & Maxwell St",41.8648863116047,-87.6470712980769,"Little Italy, UIC"
"306","Halsted St & North Branch St",41.8993839675185,-87.6485449403059,"River North"
"307","Halsted St & Polk St",41.8718405849602,-87.6466401101111,"Little Italy, UIC"
"308","Halsted St & Roosevelt Rd",41.8673240350098,-87.6486250164763,"Little Italy, UIC"
"309","Halsted St & Roscoe St",41.9436644246605,-87.648952168619,"Boystown"
"310","Halsted St & Willow St",41.9138555432912,-87.6487549738165,"Lincoln Park"
"311","Halsted St & Wrightwood Ave",41.9291322539004,-87.6490762198762,"Sheffield & DePaul"
"312","Harper Ave & 59th St",41.78794281287,-87.5883151702,"Hyde Park"
"313","Hegewisch Metra Station",41.6485007626641,-87.546089887619,"Hegewisch"
"314","Hermitage Ave & Polk St",41.8715159421821,-87.6698825991315,"Little Italy, UIC"
"315","Homewood Ave & 115th St",41.6845950720262,-87.6707080006599,"Morgan Park"
"316","Honore St & Division St",41.903114344387,-87.67392916056,"East Village"
"317","Houston Ave & 91st St",41.768898,-87.635876,"Englewood"
"318","Houston Ave & 92nd St",41.728204215358,-87.5497001409531,"South Chicago"
"319","Hoyne Ave & 47th St",41.808227,-87.67718,"New City"
"320","Humboldt Blvd & Armitage Ave",41.9175070881765,-87.7017990613909,"Logan Square"
"321","Indiana Ave & 103rd St",41.7071702711776,-87.6184719800949,"Roseland"
"322","Indiana Ave & 26th St",41.8456870163197,-87.622481009189,"Near South Side"
"323","Indiana Ave & 31st St",41.838841996278,-87.621856998909,"Douglas"
"324","Indiana Ave & 40th St",41.82168,-87.6216,"Grand Boulevard"
"325","Indiana Ave & Roosevelt Rd",41.8678884998674,-87.6230417851408,"Grant Park"
"326","Jefferson St & Monroe St",41.8803331591521,-87.6427523135059,"West Loop"
"327","Jeffery Blvd & 67th St",41.77351755125,-87.5771428255,"Jackson Park"
"328","Jeffery Blvd & 71st St",41.76663823695,-87.5764501141,"South Shore"
"329","Jeffery Blvd & 76th St",41.75712006802,-87.5758393587,"South Shore"
"330","Karlov Ave & Armitage Ave",41.91748,-87.728952,"Hermosa"
"331","Karlov Ave & Kamerling Ave",42.015962,-87.66857,"Rogers Park"
"332","Karlov Ave & Lawrence Ave",41.967947,-87.730409,"Albany Park"
"333","Karlov Ave & Madison St",41.88085,-87.727907,"Garfield Park"
"334","Kedzie Ave & 110th St",41.6923947458756,-87.7009606361389,"Mount Greenwood"
"335","Kedzie Ave & 21st St",41.85353363213,-87.7050730318,"Little Village"
"336","Kedzie Ave & 24th St ",41.8481512805541,-87.7054035206263,"Little Village"
"337","Kedzie Ave & 66th Pl",41.772584,-87.703007,"Chicago Lawn"
"338","Kedzie Ave & 73rd St",41.760703,-87.702292,"Chicago Lawn"
"339","Kedzie Ave & 83rd St",41.742523,-87.702279,"Ashburn"
"340","Kedzie Ave & Bryn Mawr Ave",41.9822297591152,-87.7088865637779,"North Park"
"341","Kedzie Ave & Chicago Ave",41.89546530305,-87.7061278837,"Humboldt Park"
"342","Kedzie Ave & Foster Ave",41.975672,-87.709261,"North Park"
"343","Kedzie Ave & Harrison St",41.87359967462,-87.7048707493,"Garfield Park"
"344","Kedzie Ave & Lake St",41.88460328501,-87.7063037436,"Garfield Park"
"345","Kedzie Ave & Leland Ave",41.96668636205,-87.7080519806,"Albany Park"
"346","Kedzie Ave & Milwaukee Ave",41.9295670354084,-87.7078570663662,"Logan Square"
"347","Kedzie Ave & Palmer Ct",41.9215249963151,-87.7073220264509,"Logan Square"
"348","Kedzie Ave & Redfield Dr",41.76523,-87.70316,"Chicago Lawn"
"349","Kedzie Ave & Roosevelt Rd",41.86649278172,-87.7064961757,"North Lawndale"
"350","Keeler Ave & Carmen Ave",41.974323,-87.7331,"North Park"
"351","Kenneth Ave & Lawrence Ave",41.967943,-87.739983,"Irving Park"
"352","Kenosha Ave & Wellington Ave",41.934457,-87.733795,"Hermosa"
"353","Kenton Ave & Madison St",41.880708,-87.741018,"Austin"
"354","Keystone Ave & Fullerton Ave",41.924589722828,-87.7278502642435,"Hermosa"
"355","Keystone Ave & Montrose Ave",41.96110801623,-87.7289701012,"Albany Park"
"356","Keystone Ave & North Ave",41.885502,-87.716866,"Garfield Park"
"357","Kilbourn Ave & Belden Ave",41.922369,-87.739024,"Hermosa"
"358","Kilbourn Ave & Irving Park Rd",41.953733,-87.740569,"Irving Park"
"359","Kilbourn Ave & Milwaukee Ave",41.9470708941847,-87.7400082349777,"Irving Park"
"360","Kilbourn Ave & Roscoe St",41.942722,-87.739557,"Irving Park"
"361","Kildare Ave & 85th St",41.738463,-87.728572,"Ashburn"
"362","Kildare Ave & Montrose Ave",41.96108,-87.73569,"Irving Park"
"363","Kilpatrick Ave & Grand Ave",41.912720815,-87.74362575,"Austin"
"364","Kimball Ave & Belmont Ave",41.9393956733829,-87.711853472396,"Avondale"
"365","Kimbark Ave & 53rd St",41.7995680037945,-87.5947470022573,"Hyde Park"
"366","Kingsbury St & Erie St",41.8938039094654,-87.6417003187245,"River North"
"367","Kingsbury St & Kinzie St",41.8891756125798,-87.6385081666845,"River North"
"368","Knox Ave & Montrose Ave",41.9606310428544,-87.7453590122668,"Irving Park"
"369","Kosciuszko Park",41.9305853271923,-87.7237775028995,"Logan Square"
"370","Kostner Ave & Lake St",41.885928,-87.73541,"Garfield Park"
"371","Kostner Ave & Wrightwood Ave",41.9279562186316,-87.7359599179737,"Hermosa"
"372","LaSalle Dr & Huron St",41.8948738028112,-87.6323303448393,"River North"
"373","LaSalle St & Adams St",41.8793526111825,-87.6319945029887,"Loop"
"374","LaSalle St & Illinois St",41.8907617141384,-87.6317010952412,"River North"
"375","LaSalle St & Jackson Blvd",41.8781669884734,-87.6319320828119,"Loop"
"376","LaSalle St & Washington St",41.8826643053315,-87.6325354470686,"Loop"
"377","Laflin St & Cullerton St",41.8549145462419,-87.6635599706183,"Lower West Side"
"378","Lake Park Ave & 35th St",41.83127423549,-87.6087991946,"Douglas"
"379","Lake Park Ave & 47th St",41.809443,-87.591875,"Kenwood"
"380","Lake Park Ave & 53rd St",41.7994943152044,-87.5864498735284,"Hyde Park"
"381","Lake Park Ave & 56th St",41.7932420111024,-87.5877820047172,"Hyde Park"
"382","Lakefront Trail & Bryn Mawr Ave",41.9840440384464,-87.6522815272403,"Edgewater"
"383","Lakefront Trail & Wilson Ave",41.965844998217,-87.6453610270725,"Uptown"
"384","Lakeview Ave & Fullerton Pkwy",41.9258571267436,-87.6389756338454,"Lincoln Park"
"385","Lamon Ave & Armitage Ave",41.91676,-87.749458,"Belmont Cragin"
"386","Langley Ave & 79th St",42.057044,-87.686554,NA
"387","Laramie Ave & Gladys Ave",41.875806,-87.755285,"Austin"
"388","Laramie Ave & Kinzie St",41.887832,-87.755527,"Austin"
"389","Laramie Ave & Madison St",41.880207,-87.755337,"Austin"
"390","Larrabee St & Armitage Ave",41.9180840410401,-87.6437505685525,"Old Town"
"391","Larrabee St & Division St",41.903480084623,-87.6433551402847,"River North"
"392","Larrabee St & Kingsbury St",41.8977617415155,-87.6428830317686,"River North"
"393","Larrabee St & Menomonee St",41.9146721961437,-87.6433266850302,"Old Town"
"394","Larrabee St & North Ave",41.9102006348802,-87.6435018025097,"Old Town"
"395","Larrabee St & Oak St",41.9002178551137,-87.6429860340294,"River North"
"396","Larrabee St & Webster Ave",41.9218186262363,-87.644141264971,"Lincoln Park"
"397","Latrobe Ave & Chicago Ave",41.894745,-87.756895,"Austin"
"398","Lavergne Ave & Fullerton Ave",41.924034,-87.751191,"Belmont Cragin"
"399","Lawndale Ave & 111th St",41.6913191922107,-87.7128857374191,"Mount Greenwood"
"400","Leavitt St & Addison St",41.946634575484,-87.6833414305509,"North Center"
"401","Leavitt St & Archer Ave",41.82879201994,-87.6806044594,"Mckinley Park"
"402","Leavitt St & Armitage Ave",41.9178050590392,-87.6824319273017,"Bucktown"
"403","Leavitt St & Belmont Ave",41.9393550617022,-87.6832786487161,"North Center"
"404","Leavitt St & Chicago Ave",41.8954986281535,-87.6820103829616,"West Town"
"405","Leavitt St & Division St",41.9029902184116,-87.6838126929073,"Ukrainian Village"
"406","Leavitt St & Lawrence Ave",41.9688767682937,-87.6839967017303,"Lincoln Square"
"407","Leavitt St & North Ave",41.9104887753411,-87.6823764720277,"Wicker Park"
"408","Leavitt St/North Ave",41.910077,-87.682306,"Wicker Park"
"409","Lincoln Ave & Addison St",41.9461610786914,-87.6733017664802,"Lake View"
"410","Lincoln Ave & Belle Plaine Ave",41.9559661706504,-87.6801452567408,"North Center"
"411","Lincoln Ave & Byron St",41.9521124725396,-87.6775575267104,"North Center"
"412","Lincoln Ave & Diversey Pkwy",41.9322223372635,-87.6586178294813,"Sheffield & DePaul"
"413","Lincoln Ave & Fullerton Ave",41.9241548637172,-87.6463819759559,"Lincoln Park"
"414","Lincoln Ave & Melrose St",41.9398285874358,-87.6701315336388,"Lake View"
"415","Lincoln Ave & Peterson Ave",41.990267,-87.70857,"West Ridge"
"416","Lincoln Ave & Roscoe St ",41.9437912,-87.6712579,"Lake View"
"417","Lincoln Ave & Sunnyside Ave",41.963004,-87.684781,"Lincoln Square"
"418","Lincoln Ave & Waveland Ave",41.9487769715777,-87.6752672363973,"North Center"
"419","Lincoln Ave & Winona St",41.97491129677,-87.6925025594,"Lincoln Square"
"420","Lincoln Park Conservatory",41.9239294628871,-87.6358298626344,"Lincoln Park"
"421","Lincolnwood Dr & Central St",42.064854,-87.715297,NA
"422","Linder Ave & Belmont Ave",41.877917,-87.735737,"Garfield Park"
"423","Lockwood Ave & Wrightwood Ave",41.927766,-87.758544,"Belmont Cragin"
"424","Logan Blvd & Elston Ave",41.9294649840129,-87.6841579901016,"Bucktown"
"425","Loomis Blvd & 83rd St",41.780595,-87.584846,"Jackson Park"
"426","Loomis Blvd & 84th St",41.7414865286181,-87.6584100723267,"Auburn Gresham"
"427","Loomis St & 89th St",41.7323797532955,-87.6580694317818,"Auburn Gresham"
"428","Loomis St & Archer Ave",41.84163253965,-87.6574349533,"Bridgeport"
"429","Loomis St & Jackson Blvd",41.8779470070731,-87.6620022704365,"West Loop"
"430","Loomis St & Lexington St",41.8722111152457,-87.6614261702526,"Little Italy, UIC"
"431","Lorel Ave & Chicago Ave",41.80839,-87.656526,"New City"
"432","MLK Jr Dr & 29th St",41.8420544787539,-87.61700105655,"Douglas"
"433","MLK Jr Dr & 47th St",41.809851,-87.616279,"Grand Boulevard"
"434","MLK Jr Dr & 56th St",41.79342945658,-87.6158532619,"Washington Park"
"435","MLK Jr Dr & 63rd St",41.78008063659,-87.6159428567,"Grand Crossing"
"436","MLK Jr Dr & Pershing Rd",41.8245999960658,-87.6167800076214,"Douglas"
"437","Major Taylor Trail & 115th St",41.684931595193,-87.6452887058258,"West Pullman"
"438","Major Taylor Trail & 124th St",41.6686963533225,-87.6371133327484,"West Pullman"
"439","Malcolm X College Vaccination Site",41.8776180085301,-87.6738950157843,"United Center"
"440","Manor Ave & Leland Ave",41.965875,-87.700825,"Albany Park"
"441","Maplewood Ave & Peterson Ave",41.9902360926081,-87.6933696168465,"West Ridge"
"442","Marine Dr & Ainslie St",41.9716,-87.650154,"Uptown"
"443","Marquette Ave & 89th St",41.7336687907147,-87.558342218399,"South Chicago"
"444","Marshfield Ave & 44th St",41.813996,-87.666589,"New City"
"445","Marshfield Ave & 59th St",41.786833,-87.666215,"Englewood"
"446","May St & 69th St",41.768938,-87.652934,"Englewood"
"447","May St & Cullerton St",41.855146480728,-87.6541249748582,"Lower West Side"
"448","May St & Taylor St",41.8694875862932,-87.6554840118008,"Little Italy, UIC"
"449","McClurg Ct & Erie St",41.8945024095043,-87.6178556940583,"Streeterville"
"450","McClurg Ct & Ohio St",41.8925908540759,-87.6172943033003,"Streeterville"
"451","McCormick Blvd & Devon Ave",41.997136,-87.711217,"North Park"
"452","McCormick Place",41.8513777132461,-87.6188372233163,"Near South Side"
"453","McVicker Ave & Grand Ave",41.75849,-87.60641,"Grand Crossing"
"454","Melvina Ave & Belmont Ave",41.785861065132,-87.674143910408,"Englewood"
"455","Michigan Ave & 114th St",41.6870147946712,-87.6210522651672,"Roseland"
"456","Michigan Ave & 14th St",41.86406181571,-87.6237305299958,"Near South Side"
"457","Michigan Ave & 18th St",41.8578153579223,-87.6245521726514,"Near South Side"
"458","Michigan Ave & 71st St",41.765286,-87.621748,"Grand Crossing"
"459","Michigan Ave & 8th St",41.8727730586204,-87.6239835874695,"Grant Park"
"460","Michigan Ave & Ida B Wells Dr",41.8762437892254,-87.6244286079904,"Loop"
"461","Michigan Ave & Jackson Blvd",41.8779927510416,-87.6241050851186,"Grant Park"
"462","Michigan Ave & Lake St",41.8860224206415,-87.6242583954608,"Loop"
"463","Michigan Ave & Madison St",41.8821341889733,-87.6251292021447,"Loop"
"464","Michigan Ave & Oak St",41.9009599300171,-87.6237779724879,"Gold Coast"
"465","Michigan Ave & Pearson St",41.8976564941388,-87.623516015035,"Streeterville"
"466","Michigan Ave & Washington St",41.8839840880432,-87.6246910062426,"Loop"
"467","Mies van der Rohe Way & Chestnut St",41.8985877767908,-87.621917019252,"Streeterville"
"468","Mies van der Rohe Way & Chicago Ave",41.8969430203633,-87.6217609948257,"Streeterville"
"469","Millard Ave & 26th St",41.8445311246216,-87.715921998024,"Little Village"
"470","Millennium Park",41.8810329154281,-87.6240865072733,"Millenium Park"
"471","Milwaukee Ave & Cuyler Ave",41.954468,-87.749594,"Portage Park"
"472","Milwaukee Ave & Grand Ave",41.8915721681953,-87.6483843658095,"West Town"
"473","Milwaukee Ave & Rockwell St",41.9201955837744,-87.6926592505772,"Logan Square"
"474","Milwaukee Ave & Wabansia Ave",41.9126105600133,-87.68137742121,"Wicker Park"
"475","Monticello Ave & Irving Park Rd",41.9540047852631,-87.719128140627,"Irving Park"
"476","Monticello Ave & Lawrence Ave",41.968204,-87.719547,"Albany Park"
"477","Montrose Harbor",41.963979352301,-87.638185169068,"Uptown"
"478","Morgan Ave & 14th Pl",41.8623820639913,-87.651061551957,"Little Italy, UIC"
"479","Morgan St & 18th St",41.8580907578753,-87.6510725654689,"Lower West Side"
"480","Morgan St & 31st St",41.8378000039564,-87.65114000379,"Bridgeport"
"481","Morgan St & Pershing Rd",41.823613,-87.650931,"Bridgeport"
"482","Morgan St & Polk St",41.8717413629478,-87.6510302027412,"Little Italy, UIC"
"483","Museum of Science and Industry",41.7917282263616,-87.5839450128407,"Jackson Park"
"484","New St & Illinois St",41.8908456455502,-87.6186231753172,"Streeterville"
"485","Noble St & Milwaukee Ave ",41.9005687272859,-87.6624522330306,"West Town"
"486","Normal Ave & Archer Ave",41.849527,-87.640591,"Chinatown"
"487","OH Charging Stx - Test",41.86257,-87.6799351,"Little Italy, UIC"
"488","Oakley Ave & Irving Park Rd",41.9543371416548,-87.6860744211073,"North Center"
"489","Oakley Ave & Touhy Ave",42.012342,-87.688243,"West Ridge"
"490","Ogden Ave & Chicago Ave",41.8963593354122,-87.6540599815898,"West Town"
"491","Ogden Ave & Congress Pkwy",41.8750100179683,-87.6732798965823,"Little Italy, UIC"
"492","Ogden Ave & Race Ave",41.8917908660394,-87.6587460874137,"West Town"
"493","Ogden Ave & Roosevelt Rd",41.86650148316,-87.68469707,"Little Italy, UIC"
"494","Oglesby Ave & 100th St",41.7133974844224,-87.5658416748047,"South Deering"
"495","Olive Harvey College",41.7095811352626,-87.5902336835861,"Pullman"
"496","Orleans St & Chestnut St (NEXT Apts)",41.8982016101949,-87.6375370301457,"River North"
"497","Orleans St & Elm St",41.9029210846778,-87.6377166807043,"River North"
"498","Orleans St & Hubbard St",41.8900302023133,-87.6366231882213,"River North"
"499","Orleans St & Merchandise Mart Plaza",41.8882414699872,-87.636393728919,"River North"
"500","Parkside Ave & Armitage Ave",41.916907,-87.767173,"Belmont Cragin"
"501","Parnell Ave & 98th St",41.8762733805262,-87.6291692859244,"Loop"
"502","Paulina Ave & 87th St",41.735629,-87.66552,"Auburn Gresham"
"503","Paulina Ave & North Ave",41.9098515397128,-87.6699275705775,"Wicker Park"
"504","Paulina St & 18th St",41.8579010312948,-87.6687449912319,"Lower West Side"
"505","Paulina St & Flournoy St",41.8730064626303,-87.6691261888232,"Little Italy, UIC"
"506","Paulina St & Howard St",42.019159,-87.673573,"Rogers Park"
"507","Paulina St & Montrose Ave",41.961507,-87.671387,"Lake View"
"508","Peoria St & Jackson Blvd",41.8776474649427,-87.6496167820124,"West Loop"
"509","Perry Ave & 69th St",41.76929308995,-87.6281959291,"Grand Crossing"
"510","Phillips Ave & 79th St",41.75182,-87.565211,"South Shore"
"511","Phillips Ave & 83rd St",41.744531,-87.56506,"South Chicago"
"512","Pine Grove Ave & Irving Park Rd",41.9543791815042,-87.648043034667,"Lake View"
"513","Pine Grove Ave & Waveland Ave",41.9494635866793,-87.646454322479,"Lake View"
"514","Pittsburgh Ave & Irving Park",41.753174,-87.605026,"Grand Crossing"
"515","Plainfield Ave & Irving Park Rd",41.7513057702703,-87.5968412567568,"Avalon Park"
"516","Prairie Ave & 43rd St",41.81665889302,-87.6194124619,"Grand Boulevard"
"517","Prairie Ave & Garfield Blvd",41.7948529953846,-87.6186911303461,"Washington Park"
"518","Princeton Ave & 47th St",41.80931770924,-87.633449288,"Fuller Park"
"519","Princeton Ave & Garfield Blvd",41.794982,-87.633124,"Fuller Park"
"520","Prospect Sq & 91st St",41.7282338,-87.6675239,"Beverly"
"521","Pulaski Rd & Armitage Ave",42.015963,-87.675005,"Rogers Park"
"522","Pulaski Rd & Eddy St ",41.946264,-87.731023,"Irving Park"
"523","Pulaski Rd & Lake St",41.885409,-87.726491,"Garfield Park"
"524","Racine Ave & 13th St",41.865054,-87.656959,"Little Italy, UIC"
"525","Racine Ave & 15th St",41.8612811090697,-87.6566199473878,"Little Italy, UIC"
"526","Racine Ave & 18th St",41.8581759466306,-87.6564852508899,"Lower West Side"
"527","Racine Ave & 35th St",41.830688564721,-87.6562106609344,"Bridgeport"
"528","Racine Ave & 57th St",41.7896968804834,-87.65469789505,"Englewood"
"529","Racine Ave & 61st St",41.783189,-87.654372,"Englewood"
"530","Racine Ave & 65th St",41.775393,-87.654308,"Englewood"
"531","Racine Ave & Belmont Ave",41.9397404697632,-87.6588649120051,"Lake View"
"532","Racine Ave & Congress Pkwy",41.8746416981449,-87.6570284304427,"Little Italy, UIC"
"533","Racine Ave & Fullerton Ave ",41.9255239485606,-87.6582973974348,"Sheffield & DePaul"
"534","Racine Ave & Garfield Blvd",41.794228,-87.655073,"New City"
"535","Racine Ave & Randolph St",41.8840687807497,-87.6568490966036,"West Loop"
"536","Racine Ave & Washington Blvd",41.8830729707125,-87.6569479807933,"West Loop"
"537","Racine Ave & Wrightwood Ave",41.9288870156768,-87.6589710049919,"Lincoln Park"
"538","Rainbow Beach",41.75787144829,-87.54938625,"South Shore"
"539","Ravenswood Ave & Berteau Ave",41.957921,-87.673567,"Lake View"
"540","Ravenswood Ave & Irving Park Rd",41.9546880455441,-87.67392943774,"North Center"
"541","Ravenswood Ave & Lawrence Ave",41.9689899454647,-87.674235084116,"Lincoln Square"
"542","Rhodes Ave & 32nd St",41.8362085210644,-87.6135323592414,"Douglas"
"543","Rhodes Ave & 71st St",41.766,-87.611726,"Grand Crossing"
"544","Richmond St & Diversey Ave",41.93190196886,-87.7011951301,"Logan Square"
"545","Ridge Blvd & Howard St",42.019276,-87.68452,"Rogers Park"
"546","Ridge Blvd & Touhy Ave",42.01213227742,-87.6829126443,"Rogers Park"
"547","Ritchie Ct & Banks St",41.9068642242048,-87.6262186374218,"Gold Coast"
"548","Rockwell St & Eastwood Ave",41.9658934681941,-87.6936316974272,"Lincoln Square"
"549","Rush St & Cedar St",41.9023055458163,-87.6276940736251,"Gold Coast"
"550","Rush St & Hubbard St",41.8901706985334,-87.6261930079493,"River North"
"551","Rush St & Superior St",41.8957620687122,-87.6259134919326,"Rush & Division"
"552","Sacramento Blvd & Franklin Blvd",41.8904687924386,-87.7026075124741,"Humboldt Park"
"553","Sangamon St & 79th St",41.9798510368594,-87.6819320136323,"Lincoln Square"
"554","Sangamon St & Lake St",41.8856819497777,-87.6514486776545,"West Loop"
"555","Sangamon St & Washington Blvd",41.8831667951773,-87.6510935275376,"West Loop"
"556","Sawyer Ave & Irving Park Rd",41.95358617895,-87.7093107999,"Irving Park"
"557","Scottsdale Park",41.741966,-87.736179,"Ashburn"
"558","Sedgwick St & Huron St",41.8946667443303,-87.6384384034146,"River North"
"559","Sedgwick St & North Ave",41.9113856398155,-87.638679576379,"Old Town"
"560","Sedgwick St & Schiller St",41.9076295316053,-87.6385704941965,"Old Town"
"561","Sedgwick St & Webster Ave",41.9221661321323,-87.6388909775007,"Lincoln Park"
"562","Seeley Ave & Garfield Blvd",41.794087,-87.675478,"New City"
"563","Seeley Ave & Roscoe St",41.9434029758604,-87.6796149997788,"North Center"
"564","Shedd Aquarium",41.8672282202968,-87.6153574057021,"Museum Campus"
"565","Sheffield Ave & Fullerton Ave",41.9255942665858,-87.6537070778,"Sheffield & DePaul"
"566","Sheffield Ave & Kingsbury St",41.9105235546371,-87.6531059018319,"River North"
"567","Sheffield Ave & Waveland Ave",41.9493989919913,-87.654528998567,"Wrigleyville"
"568","Sheffield Ave & Webster Ave",41.9215397278387,-87.6538178415782,"Lincoln Park"
"569","Sheffield Ave & Wellington Ave",41.9362497697015,-87.6526596225263,"Lake View"
"570","Sheffield Ave & Willow St",41.9136863903426,-87.6528545557594,"Lincoln Park"
"571","Sheffield Ave & Wrightwood Ave",41.9287088060528,-87.6538325919573,"Sheffield & DePaul"
"572","Sheridan Rd & Argyle St",41.9307321459499,-87.6527680232875,"Sheffield & DePaul"
"573","Sheridan Rd & Buena Ave",41.9584886460438,-87.6549615871071,"Uptown"
"574","Sheridan Rd & Columbia Ave",42.004583,-87.661406,"Rogers Park"
"575","Sheridan Rd & Greenleaf Ave",42.01058656284,-87.6624120948,"Rogers Park"
"576","Sheridan Rd & Irving Park Rd",41.9542382158591,-87.6544063794541,"Lake View"
"577","Sheridan Rd & Lawrence Ave",41.969517,-87.654691,"Uptown"
"578","Sheridan Rd & Loyola Ave",42.00104381476,-87.6611982665329,"Rogers Park"
"579","Sheridan Rd & Montrose Ave",41.9616681736943,-87.6546398803145,"Uptown"
"580","Shields Ave & 28th Pl",41.8427360084439,-87.6354899613365,"Armour Square"
"581","Shields Ave & 31st St",41.838464,-87.635406,"Armour Square"
"582","Shields Ave & 43rd St",41.81620767856,-87.6348193497,"Fuller Park"
"583","Shore Dr & 55th St",41.795212,-87.580715,"Hyde Park"
"584","Smith Park",41.8920479867475,-87.6893970007045,"West Town"
"585","South Chicago Ave & Elliot Ave",41.747363,-87.580046,"Avalon Park"
"586","South Shore Dr & 67th St",41.7736430201223,-87.5675138843619,"Jackson Park"
"587","South Shore Dr & 71st St",41.7664094567,-87.5656875719,"South Shore"
"588","South Shore Dr & 74th St",41.76218896038,-87.55927465,"South Shore"
"589","Southport Ave & Belmont Ave",41.9394762605889,-87.6637468672252,"Lake View"
"590","Southport Ave & Clark St",41.9570810104775,-87.664199003416,"Lake View"
"591","Southport Ave & Clybourn Ave",41.920773005156,-87.663711563472,"Lincoln Park"
"592","Southport Ave & Irving Park Rd",41.9541769949267,-87.6643579714118,"Lake View"
"593","Southport Ave & Roscoe St",41.9437357645393,-87.6640184907787,"Lake View"
"594","Southport Ave & Waveland Ave",41.9481454881555,-87.6639391174586,"Wrigleyville"
"595","Southport Ave & Wellington Ave",41.9357522576135,-87.663588033626,"Lake View"
"596","Southport Ave & Wrightwood Ave",41.9287689417839,-87.663908425604,"Lincoln Park"
"597","Spaulding Ave & Armitage Ave",41.9171080622425,-87.7102210343682,"Logan Square"
"598","Spaulding Ave & Division St",41.9027066332979,-87.7092196224279,"Humboldt Park"
"599","Springfield Ave & 71st St",41.764484,-87.720028,"West Lawn"
"600","Springfield Ave & 80th St",41.74763,-87.71945,"Ashburn"
"601","Springfield Ave & North Ave",41.91015625,-87.7238343818519,"Humboldt Park"
"602","St. Clair St & Erie St",41.8943451487884,-87.622798389834,"Streeterville"
"603","St. Louis & 71st St",41.764354,-87.710121,"Chicago Lawn"
"604","St. Louis Ave & Balmoral Ave",41.98039423475,-87.7161149615,"North Park"
"605","St. Louis Ave & Fullerton Ave",41.9248155968119,-87.714495062828,"Logan Square"
"606","State St & 123rd St",41.6706438368798,-87.6225864887238,"West Pullman"
"607","State St & 19th St",41.8565940165623,-87.6275420334787,"Near South Side"
"608","State St & 29th St",41.841707,-87.626938,"Douglas"
"609","State St & 33rd St",41.8347339946976,-87.6258129919084,"Douglas"
"610","State St & 35th St",41.8310363199869,-87.6267975987119,"Douglas"
"611","State St & 54th St",41.796642,-87.625923,"Washington Park"
"612","State St & 76th St",41.756971,-87.624621,"Grand Crossing"
"613","State St & 79th St",41.750794,-87.624424,"Chatham"
"614","State St & 95th St",41.7218484292219,-87.6228542009796,"Roseland"
"615","State St & Chicago Ave",41.8966160476073,-87.6285825391951,"Rush & Division"
"616","State St & Harrison St",41.87405573426,-87.6277220393759,"Printers Row"
"617","State St & Kinzie St",41.8893560306226,-87.6271471029768,"River North"
"618","State St & Pearson St",41.8974441203859,-87.6287275771126,"Rush & Division"
"619","State St & Pershing Rd",41.82301523798,-87.6265680185,"Grand Boulevard"
"620","State St & Randolph St",41.8846208934907,-87.6278382555638,"Loop"
"621","State St & Van Buren St",41.877188830661,-87.6278497599381,"Loop"
"622","Stave St & Armitage Ave",41.9177333239544,-87.6913824004055,"Logan Square"
"623","Stetson Ave & South Water St",41.8868341617581,-87.6223267190048,"Loop"
"624","Stewart Ave & 123rd St",41.743116,-87.6148,"Chatham"
"625","Stewart Ave & 63rd St",41.779835,-87.634774,"Englewood"
"626","Stewart Ave & 83rd St",41.743717,-87.634088,"Chatham"
"627","Stockton Dr & Wrightwood Ave",41.9313175577227,-87.6387424972879,"Lincoln Park"
"628","Stony Island Ave & 63rd St",41.7804191492537,-87.5873931567164,"Woodlawn"
"629","Stony Island Ave & 64th St",41.778881,-87.586647,"Woodlawn"
"630","Stony Island Ave & 67th St",41.77345849948,-87.5853397391,"Jackson Park"
"631","Stony Island Ave & 71st St",41.7664929373,-87.5864608775,"South Shore"
"632","Stony Island Ave & 75th St",41.7586696704,-87.586882871,"South Shore"
"633","Stony Island Ave & 82nd St",41.746559,-87.586005,"Avalon Park"
"634","Stony Island Ave & 90th St",41.7313949433024,-87.5857436656952,"Calumet Heights"
"635","Stony Island Ave & South Chicago Ave",41.751173,-87.585337,"Avalon Park"
"636","Streeter Dr & Grand Ave",41.8922786853309,-87.6120443142226,"Streeterville"
"637","Streeter Dr/Grand Ave",41.892401,-87.612388,"Streeterville"
"638","Summit Ave & 86th St",41.7378484767334,-87.6448997855186,"Auburn Gresham"
"639","Talman Ave & Addison St",41.9466336525532,-87.6945988832963,"North Center"
"640","Theater on the Lake",41.9262756817797,-87.630835494674,"Lincoln Park"
"641","Throop St & 52nd St",41.799659,-87.657195,"New City"
"642","Throop St & Taylor St",41.868969607846,-87.6591398128465,"Little Italy, UIC"
"643","Torrence Ave & 106th St",41.7028008502259,-87.5597262382507,"South Deering"
"644","Torrence Ave & 126th Pl",41.6663120082573,-87.5572156906128,"Hegewisch"
"645","Troy St & Elston Ave",41.9452435548928,-87.7066499618909,"Avondale"
"646","Troy St & North Ave",41.9097721890118,-87.7052625063472,"Humboldt Park"
"647","Union Ave & Root St",41.819102,-87.643278,"New City"
"648","University Ave & 57th St",41.7914834398471,-87.5998611897353,"Hyde Park"
"649","University Ave & 59th St",41.7878779200741,-87.5989061316379,"Hyde Park"
"650","University Library (NU)",42.052939,-87.673447,NA
"651","Valli Produce - Evanston Plaza",42.039742,-87.699413,NA
"652","Vernon Ave & 107th St",41.7001213792389,-87.6122599840164,"Roseland"
"653","Vernon Ave & 75th St",41.758361,-87.614138,"Grand Crossing"
"654","Vernon Ave & 79th St",41.75094,-87.61379,"Chatham"
"655","Vincennes Ave & 104th St",41.7049255649976,-87.6568681095887,"Beverly"
"656","Vincennes Ave & 75th St",41.75797,-87.63121,"Grand Crossing"
"657","Wabash Ave & 16th St",41.8603833610568,-87.6258135399961,"Near South Side"
"658","Wabash Ave & 83rd St",41.7434234911566,-87.6228336087141,"Chatham"
"659","Wabash Ave & 87th St",41.7365253188446,-87.6226400020368,"Chatham"
"660","Wabash Ave & 9th St",41.8707694436045,-87.625737035289,"Loop"
"661","Wabash Ave & Adams St",41.879472916782,-87.6256910922659,"Loop"
"662","Wabash Ave & Cermak Rd",41.852619,-87.626488,"Near South Side"
"663","Wabash Ave & Grand Ave",41.8914647102007,-87.6267645501881,"River North"
"664","Wabash Ave & Roosevelt Rd",41.8672297621004,-87.6259648992516,"Near South Side"
"665","Wabash Ave & Wacker Pl",41.8868734789569,-87.626039573895,"Loop"
"666","Wacker Dr & Washington St",41.8831437242018,-87.6372531267845,"Loop"
"667","Walden Pkwy & 100th St",41.712164103598,-87.6677334308624,"Beverly"
"668","Wallace St & 112 St",41.787539,-87.644874,"Englewood"
"669","Wallace St & 35th St",41.8307147301492,-87.6412535410522,"Bridgeport"
"670","Walsh Park",41.9146074034247,-87.6679611726862,"Bucktown"
"671","Warren Park East",42.00454962194,-87.6806661451,"West Ridge"
"672","Warren Park West",42.001785,-87.688829,"West Ridge"
"673","Washtenaw Ave & Lawrence Ave",41.9689869473553,-87.6960270887041,"Lincoln Square"
"674","Washtenaw Ave & Ogden Ave",41.8619304927826,-87.6934504508972,"North Lawndale"
"675","Wells St & 19th St",41.856802,-87.633879,"Chinatown"
"676","Wells St & Concord Ln",41.9121289320608,-87.6346590779436,"Old Town"
"677","Wells St & Elm St",41.9032167799861,-87.6343296325725,"River North"
"678","Wells St & Evergreen Ave",41.9067240972051,-87.6348346445207,"Old Town"
"679","Wells St & Hubbard St",41.8899039133496,-87.6342711272144,"River North"
"680","Wells St & Huron St",41.8947170474635,-87.6343662749065,"River North"
"681","Wells St & Institute Pl",41.8973748195698,-87.6344270794767,"River North"
"682","Wells St & Polk St",41.8727216415662,-87.6335262526068,"Loop"
"683","Wells St & Walton St",41.8999280106803,-87.6344319274808,"River North"
"684","Wentworth Ave & 103rd St",42.058239,-87.677432,NA
"685","Wentworth Ave & 104th St",41.7053079969982,-87.6292169094086,"Roseland"
"686","Wentworth Ave & 24th St ",41.8500836934758,-87.6321405172348,"Chinatown"
"687","Wentworth Ave & 33rd St",41.8345344187038,-87.6318229907869,"Armour Square"
"688","Wentworth Ave & 35th St",41.830777,-87.632504,"Armour Square"
"689","Wentworth Ave & 63rd St",41.78007963264,-87.6297463052,"Englewood"
"690","Wentworth Ave & Cermak Rd",41.8531131118658,-87.6319183298516,"Chinatown"
"691","Western Ave & 104th St",41.7045871021891,-87.6812034845352,"Beverly"
"692","Western Ave & 111th St",41.691211034981,-87.6812973618507,"Morgan Park"
"693","Western Ave & 21st St",41.8541089394742,-87.6858379913839,"Lower West Side"
"694","Western Ave & 24th St",41.84847,-87.685109,"Lower West Side"
"695","Western Ave & 28th St",41.84151770807,-87.6851314409,"Lower West Side"
"696","Western Ave & Congress Pkwy",41.87474885079,-87.6864452757,"Little Italy, UIC"
"697","Western Ave & Division St",41.9028898989965,-87.6872687874481,"Ukrainian Village"
"698","Western Ave & Fillmore St",41.868563,-87.686234,"Little Italy, UIC"
"699","Western Ave & Granville Ave",41.9941613800453,-87.6894383390576,"West Ridge"
"700","Western Ave & Howard St",42.018901,-87.690048,"West Ridge"
"701","Western Ave & Leland Ave",41.9663965272914,-87.6887017196765,"Lincoln Square"
"702","Western Ave & Lunt Ave",42.0085943972,-87.6904922389,"West Ridge"
"703","Western Ave & Monroe St",41.8797877089,-87.686112808,"United Center"
"704","Western Ave & Roscoe St",41.9430343530479,-87.6872705181528,"North Center"
"705","Western Ave & Walton St",41.8984176984358,-87.6865960027573,"Ukrainian Village"
"706","Western Ave & Winnebago Ave",41.9155196223409,-87.6870169323036,"Bucktown"
"707","Western Blvd & 48th Pl",41.805661,-87.683392,"New City"
"708","Wilton Ave & Belmont Ave",41.9402146502053,-87.6529745477664,"Lake View"
"709","Wilton Ave & Diversey Pkwy",41.9324139791281,-87.652704820242,"Sheffield & DePaul"
"710","Wilton Ave & Diversey Pkwy ",41.932418,-87.652705,"Sheffield & DePaul"
"711","Winchester (Ravenswood) Ave & Balmoral Ave",41.979762,-87.67753,"Lincoln Square"
"712","Winchester Ave & Elston Ave",41.9240908434858,-87.6764600537994,"Bucktown"
"713","Winthrop Ave & Lawrence Ave",41.9688120040434,-87.6576590009283,"Uptown"
"714","Wolcott (Ravenswood) Ave & Montrose Ave",41.9614060161846,-87.6761690438927,"North Center"
"715","Wolcott Ave & Fargo Ave",42.016977,-87.677725,"Rogers Park"
"716","Wolcott Ave & Polk St",41.8712672163893,-87.6736756859473,"Little Italy, UIC"
"717","Wood St & 35th St",41.8301046745219,-87.6702983529589,"Mckinley Park"
"718","Wood St & Augusta Blvd",41.8991763947337,-87.6721931726043,"East Village"
"719","Wood St & Chicago Ave",41.895629556271,-87.6720604055765,"West Town"
"720","Wood St & Hubbard St",41.8898962848513,-87.671463198235,"West Town"
"721","Wood St & Milwaukee Ave",41.9076530147284,-87.6725454705075,"Wicker Park"
"722","Wood St & Taylor St ",41.8692671803677,-87.6737274672557,"Little Italy, UIC"
"723","Wood St & Webster Ave",41.9394826742913,-87.6711411569696,"Lake View"
"724","Woodlawn Ave & 55th St",41.7952701294187,-87.5964746133789,"Hyde Park"
"725","Woodlawn Ave & 58th St",41.789381,-87.596479,"Hyde Park"
"726","Woodlawn Ave & 75th St",41.75916,-87.595751,"Grand Crossing"
"727","Woodlawn Ave & Lake Park Ave",41.8140927113998,-87.597005141491,"Kenwood"
"728","Yale Ave & 119th St",41.743921,-87.575225,"Avalon Park"
"729","Yates Blvd & 75th St",41.758768,-87.56644,"South Shore"
"730","Yates Blvd & 93rd St",41.7261663902451,-87.5662761926651,"Calumet Heights"
"731","Zapata Academy",41.8744013734416,-87.7260513986221,"Garfield Park"
